"full_file_name","file_name","size","cleanFileName","uniqueID","file_id"
"Drew data/a/(-EFR-)EDD_1204846_East_Kent_WS_v1.xls","(-EFR-)EDD_1204846_East_Kent_WS_v1.xls",34304,"(-EFR-)EDD_1204846_East_Kent_WS_v1.xls",1,1
"Drew data/a/(CFK&EFR)EDD_1110766_ArmyCorp1_v1 (2).xls","(CFK&EFR)EDD_1110766_ArmyCorp1_v1 (2).xls",159232,"(CFK&EFR)EDD_1110766_ArmyCorp1_v1.xls",2,2
"Drew data/a/(EFR) EDD_1206519_East_Kent_WS_v2.xls","(EFR) EDD_1206519_East_Kent_WS_v2.xls",28672,"(EFR) EDD_1206519_East_Kent_WS_v2.xls",3,3
"Drew data/a/(EFR) EDD_1207784_East_Kent_WS_v4.xls","(EFR) EDD_1207784_East_Kent_WS_v4.xls",26624,"(EFR) EDD_1207784_East_Kent_WS_v4.xls",4,4
"Drew data/a/(EFR)90454.xls","(EFR)90454.xls",69120,"(EFR)90454.xls",5,5
"Drew data/a/(EFR)90460.xls","(EFR)90460.xls",16384,"(EFR)90460.xls",6,6
"Drew data/a/(EFR)91036.xls","(EFR)91036.xls",44032,"(EFR)91036.xls",7,7
"Drew data/a/(EFR)91038.xls","(EFR)91038.xls",15360,"(EFR)91038.xls",8,8
"Drew data/a/(EFR)91041.xls","(EFR)91041.xls",31744,"(EFR)91041.xls",9,9
"Drew data/a/(EFR)91042.xls","(EFR)91042.xls",13824,"(EFR)91042.xls",10,10
"Drew data/a/(EFR)91384.xls","(EFR)91384.xls",50176,"(EFR)91384.xls",11,11
"Drew data/a/(EFR)91388.xls","(EFR)91388.xls",14848,"(EFR)91388.xls",12,12
"Drew data/a/(EFR)91442.xls","(EFR)91442.xls",25600,"(EFR)91442.xls",13,13
"Drew data/a/(EFR)91443.xls","(EFR)91443.xls",13824,"(EFR)91443.xls",14,14
"Drew data/a/(EFR)EDD_1104020_ArmyCorp1_v1 (2).xls","(EFR)EDD_1104020_ArmyCorp1_v1 (2).xls",13312,"(EFR)EDD_1104020_ArmyCorp1_v1.xls",15,15
"Drew data/a/(EFR)EDD_1105847_ArmyCorp1_v1 (2).xls","(EFR)EDD_1105847_ArmyCorp1_v1 (2).xls",15360,"(EFR)EDD_1105847_ArmyCorp1_v1.xls",16,16
"Drew data/a/(EFR)EDD_1106794_ArmyCorp1_v1 (2).xls","(EFR)EDD_1106794_ArmyCorp1_v1 (2).xls",15872,"(EFR)EDD_1106794_ArmyCorp1_v1.xls",17,17
"Drew data/a/(EFR)EDD_1107951_ArmyCorp1_v1 (2).xls","(EFR)EDD_1107951_ArmyCorp1_v1 (2).xls",15360,"(EFR)EDD_1107951_ArmyCorp1_v1.xls",18,18
"Drew data/a/(EFR)EDD_1108998_ArmyCorp1_v1 (2).xls","(EFR)EDD_1108998_ArmyCorp1_v1 (2).xls",15872,"(EFR)EDD_1108998_ArmyCorp1_v1.xls",19,19
"Drew data/a/(EFR)EDD_1109792_ArmyCorp1_v1 (2).xls","(EFR)EDD_1109792_ArmyCorp1_v1 (2).xls",15872,"(EFR)EDD_1109792_ArmyCorp1_v1.xls",20,20
"Drew data/a/(EFR)EDD_1205A04_ArmyCorp1_v2.xls","(EFR)EDD_1205A04_ArmyCorp1_v2.xls",13312,"(EFR)EDD_1205A04_ArmyCorp1_v2.xls",21,21
"Drew data/f/2003data.xls","2003data.xls",4058624,"2003data.xls",22,22
"Drew data/f/2004.xls","2004.xls",4376576,"2004.xls",23,23
"Drew data/g/Copy of 2007.xls","Copy of 2007.xls",1550336,"2007.xls",25,24
"Drew data/l/2007 (2).xls","2007 (2).xls",1542144,"2007.xls",24,25
"Drew data/k/2010 data to date.xlsx","2010 data to date.xlsx",662597,"2010 data to date.xlsx",26,26
"Drew data/f/20tab Phytoy92.xls","20tab Phytoy92.xls",81920,"20tab Phytoy92.xls",27,27
"2EFR20120720-CTDATA alg HAB IMPORT QUESTION.xlsx","2EFR20120720-CTDATA alg HAB IMPORT QUESTION.xlsx",49199,"2EFR20120720-CTDATA alg HAB IMPORT QUESTION.xlsx",28,28
"2EFR20120720-CTDATA alg HAB.xlsx","2EFR20120720-CTDATA alg HAB.xlsx",100157,"2EFR20120720-CTDATA alg HAB.xlsx",29,29
"2EFR20120828-CTDATA - alg HAB.xlsx","2EFR20120828-CTDATA - alg HAB.xlsx",221133,"2EFR20120828-CTDATA - alg HAB.xlsx",30,30
"2EFR20120828-CTDATA A alg HAB.xlsx","2EFR20120828-CTDATA A alg HAB.xlsx",134562,"2EFR20120828-CTDATA A alg HAB.xlsx",31,31
"2EFR20120828-CTDATA alg HAB IMPORT QUESTION.xlsx","2EFR20120828-CTDATA alg HAB IMPORT QUESTION.xlsx",221187,"2EFR20120828-CTDATA alg HAB IMPORT QUESTION.xlsx",32,32
"2EFR20120920-CTDATA alg HAB.xlsx","2EFR20120920-CTDATA alg HAB.xlsx",117642,"2EFR20120920-CTDATA alg HAB.xlsx",33,33
"2EFR20120924-CTDATA alg HAB.xlsx","2EFR20120924-CTDATA alg HAB.xlsx",102177,"2EFR20120924-CTDATA alg HAB.xlsx",34,34
"Drew data/f/31tab Fall HAB Data EFR20121031,SRR20121107,TAR20121106 alg.xls","31tab Fall HAB Data EFR20121031,SRR20121107,TAR20121106 alg.xls",389120,"31tab Fall HAB Data EFR20121031,SRR20121107,TAR20121106 alg.xls",35,35
"Drew data/i/3tab Phytoplankton 2011 BRR EFR.xlsx","3tab Phytoplankton 2011 BRR EFR.xlsx",83305,"3tab Phytoplankton 2011 BRR EFR.xlsx",36,36
"Drew data/i/3tab Phytoplankton 2012 EFR.xlsx","3tab Phytoplankton 2012 EFR.xlsx",88257,"3tab Phytoplankton 2012 EFR.xlsx",37,37
"Drew data/i/3tab Phytoplankton 2012 SRR BHR CFK EFR.xlsx","3tab Phytoplankton 2012 SRR BHR CFK EFR.xlsx",98263,"3tab Phytoplankton 2012 SRR BHR CFK EFR.xlsx",38,38
"Drew data/f/6tab EFR HAB 92219A.xls","6tab EFR HAB 92219A.xls",58880,"6tab EFR HAB 92219A.xls",39,39
"Drew data/f/92219A.XLS","92219A.XLS",58880,"92219A.XLS",40,40
"Drew data/f/92462.xls","92462.xls",43008,"92462.xls",41,41
"Drew data/f/92473.xls","92473.xls",16896,"92473.xls",42,42
"Drew data/f/92492.xls","92492.xls",15360,"92492.xls",43,43
"Drew data/f/92501.xls","92501.xls",34304,"92501.xls",44,44
"Drew data/f/92696.xls","92696.xls",32256,"92696.xls",45,45
"Drew data/f/92697.xls","92697.xls",65536,"92697.xls",46,46
"Drew data/f/92751.xls","92751.xls",15360,"92751.xls",47,47
"Drew data/f/92754.xls","92754.xls",144384,"92754.xls",48,48
"Drew data/f/92755.xls","92755.xls",46080,"92755.xls",49,49
"Drew data/f/92757.xls","92757.xls",21504,"92757.xls",50,50
"Drew data/f/92782.xls","92782.xls",21504,"92782.xls",51,51
"Drew data/f/92783.xls","92783.xls",96768,"92783.xls",52,52
"Drew data/f/92815.xls","92815.xls",234496,"92815.xls",53,53
"Drew data/f/92817.xls","92817.xls",56832,"92817.xls",54,54
"Drew data/f/92869.xls","92869.xls",157696,"92869.xls",55,55
"Drew data/f/92869A.XLS","92869A.XLS",97280,"92869A.XLS",56,56
"Drew data/f/92873.xls","92873.xls",21504,"92873.xls",57,57
"Drew data/k/92RAWDAT.xls","92RAWDAT.xls",881152,"92RAWDAT.xls",58,58
"Files with complications/92Rawdat.xlsx","92Rawdat.xlsx",784996,"92Rawdat.xlsx",59,59
"Files with complications/Algae 95.xlsx","Algae 95.xlsx",1070736,"Algae 95.xlsx",60,60
"All Lakes Phyto Data pre-1993.xlsx","All Lakes Phyto Data pre-1993.xlsx",167185,"All Lakes Phyto Data pre-1993.xlsx",61,61
"Drew data/g/CELRL CT Water Quality Chemical Data 2012.xls","CELRL CT Water Quality Chemical Data 2012.xls",310272,"CELRL CT Water Quality Chemical Data 2012.xls",62,62
"Drew data/g/CELRL HAB EFR 20120920.xls","CELRL HAB EFR 20120920.xls",185344,"CELRL HAB EFR 20120920.xls",63,63
"Drew data/g/CELRL RTI WQ Chemical Data 2012.xls","CELRL RTI WQ Chemical Data 2012.xls",560640,"CELRL RTI WQ Chemical Data 2012.xls",64,64
"Drew data/g/CFK&EFR(87918).xls","CFK&EFR(87918).xls",35840,"CFK&EFR(87918).xls",65,65
"Drew data/g/CFK&EFR(87919).xls","CFK&EFR(87919).xls",35840,"CFK&EFR(87919).xls",66,66
"Drew data/l/Copy of data07.xls","Copy of data07.xls",1708544,"data07.xls",67,67
"Drew data/g/EDD_1208475_East_Kent_WS_v1.xls","EDD_1208475_East_Kent_WS_v1.xls",24064,"EDD_1208475_East_Kent_WS_v1.xls",68,68
"Drew data/g/EDD_1208476_East_Kent_WS_v1.xls","EDD_1208476_East_Kent_WS_v1.xls",24064,"EDD_1208476_East_Kent_WS_v1.xls",69,69
"Drew data/k/EFR - Phytoplankton Results (2).xls","EFR - Phytoplankton Results (2).xls",82432,"EFR - Phytoplankton Results.xls",70,70
"Drew data/b/EFR 1988 Phyto (2).xlsx","EFR 1988 Phyto (2).xlsx",23869,"EFR 1988 Phyto.xlsx",72,71
"EFR 1988 Phyto.xlsx","EFR 1988 Phyto.xlsx",23778,"EFR 1988 Phyto.xlsx",71,72
"Drew data/b/EFR 1993 Phyto (2).xlsx","EFR 1993 Phyto (2).xlsx",49414,"EFR 1993 Phyto.xlsx",73,73
"EFR 1993 Phyto.xlsx","EFR 1993 Phyto.xlsx",49624,"EFR 1993 Phyto.xlsx",74,74
"Drew data/b/EFR 1994 Phyto (2).xlsx","EFR 1994 Phyto (2).xlsx",51601,"EFR 1994 Phyto.xlsx",75,75
"Drew data/b/EFR 1998 Phyto (2).xlsx","EFR 1998 Phyto (2).xlsx",412333,"EFR 1998 Phyto.xlsx",77,76
"EFR 1998 Phyto.xlsx","EFR 1998 Phyto.xlsx",410053,"EFR 1998 Phyto.xlsx",76,77
"Drew data/b/EFR 1999 Phyto (2).xlsx","EFR 1999 Phyto (2).xlsx",507740,"EFR 1999 Phyto.xlsx",78,78
"EFR 1999_2008 Phyto.xlsx","EFR 1999_2008 Phyto.xlsx",2295993,"EFR 1999_2008 Phyto.xlsx",79,79
"Drew data/b/EFR 2000 Phyto (2).xlsx","EFR 2000 Phyto (2).xlsx",400791,"EFR 2000 Phyto.xlsx",80,80
"Drew data/b/EFR 2001 Phyto (2).xlsx","EFR 2001 Phyto (2).xlsx",269348,"EFR 2001 Phyto.xlsx",81,81
"Drew data/b/EFR 2002 Phyto (2).xlsx","EFR 2002 Phyto (2).xlsx",185943,"EFR 2002 Phyto.xlsx",82,82
"Drew data/i/EFR 2003 Phyto importing attempt.xlsx","EFR 2003 Phyto importing attempt.xlsx",234562,"EFR 2003 Phyto importing attempt.xlsx",83,83
"Drew data/r/EFR 2003 Phyto importing attempt (2).xlsx","EFR 2003 Phyto importing attempt (2).xlsx",97793,"EFR 2003 Phyto importing attempt.xlsx",85,84
"Drew data/r/EFR 2003 Phyto importing attempt.xlsx","EFR 2003 Phyto importing attempt.xlsx",242452,"EFR 2003 Phyto importing attempt.xlsx",84,85
"Drew data/b/EFR 2003 Phyto (2).xlsx","EFR 2003 Phyto (2).xlsx",205655,"EFR 2003 Phyto.xlsx",86,86
"Drew data/b/EFR 2004 Phyto (2).xlsx","EFR 2004 Phyto (2).xlsx",994536,"EFR 2004 Phyto.xlsx",87,87
"Drew data/d/EFR 2005 Phyto (2).xlsx","EFR 2005 Phyto (2).xlsx",1293671,"EFR 2005 Phyto.xlsx",88,88
"Drew data/d/EFR 2006 Phyto (2).xlsx","EFR 2006 Phyto (2).xlsx",107428,"EFR 2006 Phyto.xlsx",89,89
"Drew data/d/EFR 2007 Phyto (2).xlsx","EFR 2007 Phyto (2).xlsx",119187,"EFR 2007 Phyto.xlsx",90,90
"Drew data/d/EFR 2008 Phyto (2).xlsx","EFR 2008 Phyto (2).xlsx",100069,"EFR 2008 Phyto.xlsx",91,91
"Drew data/j/EFR DASLER Data Dump Chemical.xlsx","EFR DASLER Data Dump Chemical.xlsx",541604,"EFR DASLER Data Dump Chemical.xlsx",92,92
"Drew data/j/EFR Data Phytoplankton zlw.xlsx","EFR Data Phytoplankton zlw.xlsx",224177,"EFR Data Phytoplankton zlw.xlsx",93,93
"Drew data/k/EFR Field Data2010 2011.xlsx","EFR Field Data2010 2011.xlsx",59820,"EFR Field Data2010 2011.xlsx",94,94
"Drew data/d/EFR HAB 7-20-2012 (2).xls","EFR HAB 7-20-2012 (2).xls",90624,"EFR HAB 7-20-2012.xls",96,95
"EFR HAB 7-20-2012.xls","EFR HAB 7-20-2012.xls",90112,"EFR HAB 7-20-2012.xls",95,96
"Drew data/d/EFR HAB 9-20-2012 (2).xls","EFR HAB 9-20-2012 (2).xls",188416,"EFR HAB 9-20-2012.xls",97,97
"Drew data/g/EFR HAB 92219A.xls","EFR HAB 92219A.xls",58880,"EFR HAB 92219A.xls",98,98
"Drew data/d/EFR phyto 8-23-2011 (2).xls","EFR phyto 8-23-2011 (2).xls",218112,"EFR phyto 8-23-2011.xls",99,99
"EFR phyto 8-23-2011.xls","EFR phyto 8-23-2011.xls",416256,"EFR phyto 8-23-2011.xls",100,100
"Drew data/k/EFR_CCK May 2010.xlsx","EFR_CCK May 2010.xlsx",16653,"EFR_CCK May 2010.xlsx",101,101
"Drew data/j/EFR_NOT_IMPORTED_CHEMICAL_2003-2012_2011_2.xlsx","EFR_NOT_IMPORTED_CHEMICAL_2003-2012_2011_2.xlsx",376831,"EFR_NOT_IMPORTED_CHEMICAL_2003-2012_2011_2.xlsx",102,102
"Drew data/k/EFR-2001-Run1.xls","EFR-2001-Run1.xls",42496,"EFR-2001-Run1.xls",103,103
"Drew data/k/EFR-2001-Run1MOD.xls","EFR-2001-Run1MOD.xls",45568,"EFR-2001-Run1MOD.xls",104,104
"Drew data/k/EFR-2001-Run2.xls","EFR-2001-Run2.xls",51712,"EFR-2001-Run2.xls",105,105
"Drew data/k/EFR-2001-Run3.xls","EFR-2001-Run3.xls",48128,"EFR-2001-Run3.xls",106,106
"Drew data/k/EFR-2001-Run3rev.xls","EFR-2001-Run3rev.xls",48128,"EFR-2001-Run3rev.xls",107,107
"Drew data/k/EFR-2001-Run4.xls","EFR-2001-Run4.xls",43008,"EFR-2001-Run4.xls",108,108
"Drew data/k/EFR-2002-Run1.xls","EFR-2002-Run1.xls",40960,"EFR-2002-Run1.xls",109,109
"Drew data/k/EFR-2002-Run2.xls","EFR-2002-Run2.xls",51200,"EFR-2002-Run2.xls",110,110
"Drew data/k/EFR-2002-Run3.xls","EFR-2002-Run3.xls",41984,"EFR-2002-Run3.xls",111,111
"Drew data/k/EFR-2002-Run4.xls","EFR-2002-Run4.xls",38400,"EFR-2002-Run4.xls",112,112
"Drew data/k/EFR-2003-Run1.xls","EFR-2003-Run1.xls",47104,"EFR-2003-Run1.xls",113,113
"Drew data/k/EFR-2003-Run2.xls","EFR-2003-Run2.xls",41984,"EFR-2003-Run2.xls",114,114
"Drew data/k/EFR-2003-Run3.xls","EFR-2003-Run3.xls",43520,"EFR-2003-Run3.xls",115,115
"Drew data/k/EFR-2003-Run4.xls","EFR-2003-Run4.xls",21504,"EFR-2003-Run4.xls",116,116
"Drew data/g/EFR(85681).xls","EFR(85681).xls",20992,"EFR(85681).xls",117,117
"Drew data/g/EFR(85682).xls","EFR(85682).xls",20992,"EFR(85682).xls",118,118
"Drew data/g/EFR(85726).xls","EFR(85726).xls",39424,"EFR(85726).xls",119,119
"Drew data/g/EFR(85727).xls","EFR(85727).xls",39424,"EFR(85727).xls",120,120
"Drew data/g/EFR(85733).xls","EFR(85733).xls",14848,"EFR(85733).xls",121,121
"Drew data/g/EFR(85734).xls","EFR(85734).xls",14848,"EFR(85734).xls",122,122
"Drew data/g/EFR(85744).xls","EFR(85744).xls",39424,"EFR(85744).xls",123,123
"Drew data/g/EFR(85745).xls","EFR(85745).xls",39424,"EFR(85745).xls",124,124
"Drew data/g/EFR(85749).xls","EFR(85749).xls",14336,"EFR(85749).xls",125,125
"Drew data/g/EFR(85750).xls","EFR(85750).xls",14336,"EFR(85750).xls",126,126
"Drew data/g/EFR(86292edd) (2).xls","EFR(86292edd) (2).xls",22016,"EFR(86292edd).xls",127,127
"Drew data/g/EFR(86319edd) (2).xls","EFR(86319edd) (2).xls",39936,"EFR(86319edd).xls",128,128
"Drew data/g/EFR(86320).xls","EFR(86320).xls",14336,"EFR(86320).xls",129,129
"Drew data/g/EFR(86321).xls","EFR(86321).xls",14336,"EFR(86321).xls",130,130
"Drew data/g/EFR(86346).xls","EFR(86346).xls",39936,"EFR(86346).xls",131,131
"Drew data/g/EFR(86347).xls","EFR(86347).xls",14336,"EFR(86347).xls",132,132
"Drew data/g/EFR(86348).xls","EFR(86348).xls",39936,"EFR(86348).xls",133,133
"Drew data/g/EFR(86349).xls","EFR(86349).xls",14336,"EFR(86349).xls",134,134
"Drew data/g/EFR(86776).xls","EFR(86776).xls",39936,"EFR(86776).xls",135,135
"Drew data/g/EFR(86777).xls","EFR(86777).xls",14848,"EFR(86777).xls",136,136
"Drew data/g/EFR(86778).xls","EFR(86778).xls",39936,"EFR(86778).xls",137,137
"Drew data/g/EFR(86779).xls","EFR(86779).xls",14848,"EFR(86779).xls",138,138
"Drew data/g/EFR(86813).xls","EFR(86813).xls",39936,"EFR(86813).xls",139,139
"Drew data/g/EFR(86814).xls","EFR(86814).xls",14336,"EFR(86814).xls",140,140
"Drew data/g/EFR(86815).xls","EFR(86815).xls",39936,"EFR(86815).xls",141,141
"Drew data/g/EFR(86816).xls","EFR(86816).xls",14336,"EFR(86816).xls",142,142
"Drew data/g/EFR(86844).xls","EFR(86844).xls",22016,"EFR(86844).xls",143,143
"Drew data/g/EFR(86845).xls","EFR(86845).xls",22016,"EFR(86845).xls",144,144
"Drew data/g/EFR(87329).xls","EFR(87329).xls",41984,"EFR(87329).xls",145,145
"Drew data/g/EFR(87330).xls","EFR(87330).xls",14848,"EFR(87330).xls",146,146
"Drew data/g/EFR(87331).xls","EFR(87331).xls",41984,"EFR(87331).xls",147,147
"Drew data/g/EFR(87332).xls","EFR(87332).xls",14848,"EFR(87332).xls",148,148
"Drew data/g/EFR(87346).xls","EFR(87346).xls",47104,"EFR(87346).xls",149,149
"Drew data/g/EFR(87347).xls","EFR(87347).xls",14336,"EFR(87347).xls",150,150
"Drew data/g/EFR(87348).xls","EFR(87348).xls",47104,"EFR(87348).xls",151,151
"Drew data/g/EFR(87349).xls","EFR(87349).xls",14336,"EFR(87349).xls",152,152
"Drew data/g/efr1999JS.XLS","efr1999JS.XLS",202240,"efr1999JS.XLS",153,153
"Drew data/g/efr1999MJ.XLS","efr1999MJ.XLS",185344,"efr1999MJ.XLS",154,154
"Drew data/g/efr2000AJ.XLS","efr2000AJ.XLS",196608,"efr2000AJ.XLS",155,155
"Drew data/g/efr2000JJ.XLS","efr2000JJ.XLS",242176,"efr2000JJ.XLS",156,156
"Drew data/k/EFR2004RUN1.xls","EFR2004RUN1.xls",24576,"EFR2004RUN1.xls",157,157
"Drew data/k/EFR2004RUN2.xls","EFR2004RUN2.xls",27136,"EFR2004RUN2.xls",158,158
"Drew data/k/EFR2004RUN4.xls","EFR2004RUN4.xls",24576,"EFR2004RUN4.xls",159,159
"Drew data/q/EFR2011 CT Data organized.xlsx","EFR2011 CT Data organized.xlsx",452755,"EFR2011 CT Data organized.xlsx",160,160
"Drew data/q/EFR2011 Data Q&A.xlsx","EFR2011 Data Q&A.xlsx",184386,"EFR2011 Data Q&A.xlsx",161,161
"Drew data/q/EFR2011 Data.xlsx","EFR2011 Data.xlsx",163836,"EFR2011 Data.xlsx",162,162
"Drew data/q/EFR2011 Graphs.xlsx","EFR2011 Graphs.xlsx",370604,"EFR2011 Graphs.xlsx",163,163
"Drew data/q/EFR2011-2012 Graphs.xlsx","EFR2011-2012 Graphs.xlsx",339606,"EFR2011-2012 Graphs.xlsx",164,164
"Drew data/q/EFR2012 Data.xlsx","EFR2012 Data.xlsx",254255,"EFR2012 Data.xlsx",165,165
"Drew data/q/EFR2012 Graphs.xlsx","EFR2012 Graphs.xlsx",247531,"EFR2012 Graphs.xlsx",166,166
"Drew data/h/EFR21001880512000.xls","EFR21001880512000.xls",34816,"EFR21001880512000.xls",167,167
"Drew data/h/EFR21001880512005.xls","EFR21001880512005.xls",35328,"EFR21001880512005.xls",168,168
"Drew data/h/EFR21001880608005.xls","EFR21001880608005.xls",32768,"EFR21001880608005.xls",169,169
"Drew data/q/EFRHAB2012-06-11.xlsx","EFRHAB2012-06-11.xlsx",23061,"EFRHAB2012-06-11.xlsx",170,170
"Drew data/h/Efrmja.xls","Efrmja.xls",291840,"Efrmja.xls",172,171
"Drew data/k/Efrmja.xls","Efrmja.xls",201728,"Efrmja.xls",171,172
"Drew data/k/efrsep2010field.xlsx","efrsep2010field.xlsx",22532,"efrsep2010field.xlsx",173,173
"Drew data/h/Fall HAB Data EFR20121031,SRR20121107,TAR20121106 alg.xls","Fall HAB Data EFR20121031,SRR20121107,TAR20121106 alg.xls",389120,"Fall HAB Data EFR20121031,SRR20121107,TAR20121106 alg.xls",174,174
"Drew data/j/FY13 Lab Analysis Details.xlsx","FY13 Lab Analysis Details.xlsx",250354,"FY13 Lab Analysis Details.xlsx",175,175
"Drew data/j/FY13 Lab Analysis Estimate.xlsx","FY13 Lab Analysis Estimate.xlsx",252988,"FY13 Lab Analysis Estimate.xlsx",176,176
"Drew data/EFR Phytoplankton Data/HAB 2EFR 2013 05 22 (2).xlsx","HAB 2EFR 2013 05 22 (2).xlsx",24460,"HAB 2EFR 2013 05 22.xlsx",177,177
"HAB 2EFR 2013 05 22.xlsx","HAB 2EFR 2013 05 22.xlsx",24485,"HAB 2EFR 2013 05 22.xlsx",178,178
"Drew data/EFR Phytoplankton Data/HAB 2EFR 2013 06 05 (2).xlsx","HAB 2EFR 2013 06 05 (2).xlsx",24315,"HAB 2EFR 2013 06 05.xlsx",179,179
"HAB 2EFR 2013 06 05.xlsx","HAB 2EFR 2013 06 05.xlsx",24343,"HAB 2EFR 2013 06 05.xlsx",180,180
"Drew data/EFR Phytoplankton Data/HAB 2EFR 2013 06 20 (2).xlsx","HAB 2EFR 2013 06 20 (2).xlsx",25339,"HAB 2EFR 2013 06 20.xlsx",181,181
"HAB 2EFR 2013 06 20.xlsx","HAB 2EFR 2013 06 20.xlsx",25475,"HAB 2EFR 2013 06 20.xlsx",182,182
"Drew data/EFR Phytoplankton Data/HAB 2EFR 2013 07 02 (2).xlsx","HAB 2EFR 2013 07 02 (2).xlsx",24607,"HAB 2EFR 2013 07 02.xlsx",183,183
"HAB 2EFR 2013 07 02.xlsx","HAB 2EFR 2013 07 02.xlsx",24645,"HAB 2EFR 2013 07 02.xlsx",184,184
"HAB 2EFR20130717.xlsx","HAB 2EFR20130717.xlsx",31218,"HAB 2EFR20130717.xlsx",185,185
"HAB 2EFR20130805.xlsx","HAB 2EFR20130805.xlsx",33189,"HAB 2EFR20130805.xlsx",186,186
"HAB 2EFR20130820.xlsx","HAB 2EFR20130820.xlsx",30375,"HAB 2EFR20130820.xlsx",187,187
"HAB 2EFR20130903.xlsx","HAB 2EFR20130903.xlsx",33283,"HAB 2EFR20130903.xlsx",188,188
"HAB 2EFR20131012.xlsx","HAB 2EFR20131012.xlsx",25295,"HAB 2EFR20131012.xlsx",189,189
"HAB 2EFR20131029.xlsx","HAB 2EFR20131029.xlsx",24029,"HAB 2EFR20131029.xlsx",190,190
"HAB 2EFR20131120.xlsx","HAB 2EFR20131120.xlsx",23617,"HAB 2EFR20131120.xlsx",191,191
"HAB 2EFR20131204.xlsx","HAB 2EFR20131204.xlsx",23626,"HAB 2EFR20131204.xlsx",192,192
"HAB 2EFR20140114.xlsx","HAB 2EFR20140114.xlsx",19336,"HAB 2EFR20140114.xlsx",193,193
"Drew data/u/Harsha Data Collection.xlsx","Harsha Data Collection.xlsx",9957910,"Harsha Data Collection.xlsx",194,194
"Drew data/EFR Phytoplankton Data/Harsha Phyto Data pre-1993.xlsx","Harsha Phyto Data pre-1993.xlsx",14784,"Harsha Phyto Data pre-1993.xlsx",195,195
"Drew data/h/Jade Copy of 2001 Data.xls","Jade Copy of 2001 Data.xls",2058240,"Jade 2001 Data.xls",196,196
"Drew data/h/Jade Copy of 2002 Data.xls","Jade Copy of 2002 Data.xls",2227712,"Jade 2002 Data.xls",197,197
"Drew data/h/Phyto 2006.xls","Phyto 2006.xls",1707520,"Phyto 2006.xls",198,198
"Drew data/h/PHYTO-02.xls","PHYTO-02.xls",3801600,"PHYTO-02.xls",199,199
"Drew data/h/Phyto1998.xls","Phyto1998.xls",5385728,"Phyto1998.xls",200,200
"Drew data/h/PHYTO94.xls","PHYTO94.xls",4064768,"PHYTO94.xls",201,201
"Drew data/h/phytodata2005.xls","phytodata2005.xls",1716224,"phytodata2005.xls",202,202
"Drew data/l/Phytoplankton 2006.xls","Phytoplankton 2006.xls",2199040,"Phytoplankton 2006.xls",203,203
"Drew data/l/Phytoplankton 2007.xls","Phytoplankton 2007.xls",1180160,"Phytoplankton 2007.xls",204,204
"Drew data/EFR Phytoplankton Data/Phytoplankton 2011 BRR EFR (2).xlsx","Phytoplankton 2011 BRR EFR (2).xlsx",70980,"Phytoplankton 2011 BRR EFR.xlsx",205,205
"Drew data/j/Phytoplankton 2011 BRR EFR.xlsx","Phytoplankton 2011 BRR EFR.xlsx",82964,"Phytoplankton 2011 BRR EFR.xlsx",207,206
"Drew data/s/Phytoplankton 2011 BRR EFR (2).xlsx","Phytoplankton 2011 BRR EFR (2).xlsx",83305,"Phytoplankton 2011 BRR EFR.xlsx",208,207
"Phytoplankton 2011 BRR EFR.xlsx","Phytoplankton 2011 BRR EFR.xlsx",71918,"Phytoplankton 2011 BRR EFR.xlsx",206,208
"Drew data/EFR Phytoplankton Data/Phytoplankton 2011 EFR.xlsx","Phytoplankton 2011 EFR.xlsx",29069,"Phytoplankton 2011 EFR.xlsx",210,209
"Drew data/j/Phytoplankton 2011 EFR.xlsx","Phytoplankton 2011 EFR.xlsx",102743,"Phytoplankton 2011 EFR.xlsx",209,210
"Drew data/j/Phytoplankton 201108 EFR.xlsx","Phytoplankton 201108 EFR.xlsx",126058,"Phytoplankton 201108 EFR.xlsx",211,211
"Drew data/j/Phytoplankton 2012 EFR BRR GRR SRR.xlsx","Phytoplankton 2012 EFR BRR GRR SRR.xlsx",129308,"Phytoplankton 2012 EFR BRR GRR SRR.xlsx",212,212
"Drew data/EFR Phytoplankton Data/Phytoplankton 2012 EFR (2).xlsx","Phytoplankton 2012 EFR (2).xlsx",78819,"Phytoplankton 2012 EFR.xlsx",214,213
"Drew data/s/Phytoplankton 2012 EFR (2).xlsx","Phytoplankton 2012 EFR (2).xlsx",88257,"Phytoplankton 2012 EFR.xlsx",215,214
"Phytoplankton 2012 EFR.xlsx","Phytoplankton 2012 EFR.xlsx",78739,"Phytoplankton 2012 EFR.xlsx",213,215
"Drew data/EFR Phytoplankton Data/Phytoplankton 2012 SRR BHR CFK EFR (2).xlsx","Phytoplankton 2012 SRR BHR CFK EFR (2).xlsx",88803,"Phytoplankton 2012 SRR BHR CFK EFR.xlsx",216,216
"Drew data/j/Phytoplankton 2012 SRR BHR CFK EFR (3).xlsx","Phytoplankton 2012 SRR BHR CFK EFR (3).xlsx",98263,"Phytoplankton 2012 SRR BHR CFK EFR.xlsx",218,217
"Phytoplankton 2012 SRR BHR CFK EFR.xlsx","Phytoplankton 2012 SRR BHR CFK EFR.xlsx",88833,"Phytoplankton 2012 SRR BHR CFK EFR.xlsx",217,218
"Drew data/j/Phytoplankton 201204 EFR.xlsx","Phytoplankton 201204 EFR.xlsx",88257,"Phytoplankton 201204 EFR.xlsx",219,219
"Drew data/j/Phytoplankton 201205 EFR.xlsx","Phytoplankton 201205 EFR.xlsx",73170,"Phytoplankton 201205 EFR.xlsx",220,220
"Drew data/k/Phytoy92.xls","Phytoy92.xls",81920,"Phytoy92.xls",221,221
"Drew data/v/STORET download 7-10-2013.xlsx","STORET download 7-10-2013.xlsx",14951536,"STORET download 7-10-2013.xlsx",222,222
"Drew data/j/WQ Sampling Status 2012.xlsx","WQ Sampling Status 2012.xlsx",89047,"WQ Sampling Status 2012.xlsx",223,223
