"full_file_name","file_name","size","cleanFileName","uniqueID","file_id","drop","comment"
"Drew data/a/(-EFR-)EDD_1204846_East_Kent_WS_v1.xls","(-EFR-)EDD_1204846_East_Kent_WS_v1.xls",34304,"(-EFR-)EDD_1204846_East_Kent_WS_v1.xls",1,1,NA,NA
"Drew data/a/(CFK&EFR)EDD_1110766_ArmyCorp1_v1 (2).xls","(CFK&EFR)EDD_1110766_ArmyCorp1_v1 (2).xls",159232,"(CFK&EFR)EDD_1110766_ArmyCorp1_v1.xls",2,2,NA,NA
"Drew data/a/(EFR) EDD_1206519_East_Kent_WS_v2.xls","(EFR) EDD_1206519_East_Kent_WS_v2.xls",28672,"(EFR) EDD_1206519_East_Kent_WS_v2.xls",3,3,NA,NA
"Drew data/a/(EFR) EDD_1207784_East_Kent_WS_v4.xls","(EFR) EDD_1207784_East_Kent_WS_v4.xls",26624,"(EFR) EDD_1207784_East_Kent_WS_v4.xls",4,4,NA,NA
"Drew data/a/(EFR)90454.xls","(EFR)90454.xls",69120,"(EFR)90454.xls",5,5,NA,NA
"Drew data/a/(EFR)90460.xls","(EFR)90460.xls",16384,"(EFR)90460.xls",6,6,NA,NA
"Drew data/a/(EFR)91036.xls","(EFR)91036.xls",44032,"(EFR)91036.xls",7,7,NA,NA
"Drew data/a/(EFR)91038.xls","(EFR)91038.xls",15360,"(EFR)91038.xls",8,8,NA,NA
"Drew data/a/(EFR)91041.xls","(EFR)91041.xls",31744,"(EFR)91041.xls",9,9,NA,NA
"Drew data/a/(EFR)91042.xls","(EFR)91042.xls",13824,"(EFR)91042.xls",10,10,NA,NA
"Drew data/a/(EFR)91384.xls","(EFR)91384.xls",50176,"(EFR)91384.xls",11,11,NA,NA
"Drew data/a/(EFR)91388.xls","(EFR)91388.xls",14848,"(EFR)91388.xls",12,12,NA,NA
"Drew data/a/(EFR)91442.xls","(EFR)91442.xls",25600,"(EFR)91442.xls",13,13,NA,NA
"Drew data/a/(EFR)91443.xls","(EFR)91443.xls",13824,"(EFR)91443.xls",14,14,NA,NA
"Drew data/a/(EFR)EDD_1104020_ArmyCorp1_v1 (2).xls","(EFR)EDD_1104020_ArmyCorp1_v1 (2).xls",13312,"(EFR)EDD_1104020_ArmyCorp1_v1.xls",15,15,NA,NA
"Drew data/a/(EFR)EDD_1105847_ArmyCorp1_v1 (2).xls","(EFR)EDD_1105847_ArmyCorp1_v1 (2).xls",15360,"(EFR)EDD_1105847_ArmyCorp1_v1.xls",16,16,NA,NA
"Drew data/a/(EFR)EDD_1106794_ArmyCorp1_v1 (2).xls","(EFR)EDD_1106794_ArmyCorp1_v1 (2).xls",15872,"(EFR)EDD_1106794_ArmyCorp1_v1.xls",17,17,NA,NA
"Drew data/a/(EFR)EDD_1107951_ArmyCorp1_v1 (2).xls","(EFR)EDD_1107951_ArmyCorp1_v1 (2).xls",15360,"(EFR)EDD_1107951_ArmyCorp1_v1.xls",18,18,NA,NA
"Drew data/a/(EFR)EDD_1108998_ArmyCorp1_v1 (2).xls","(EFR)EDD_1108998_ArmyCorp1_v1 (2).xls",15872,"(EFR)EDD_1108998_ArmyCorp1_v1.xls",19,19,NA,NA
"Drew data/a/(EFR)EDD_1109792_ArmyCorp1_v1 (2).xls","(EFR)EDD_1109792_ArmyCorp1_v1 (2).xls",15872,"(EFR)EDD_1109792_ArmyCorp1_v1.xls",20,20,NA,NA
"Drew data/a/(EFR)EDD_1205A04_ArmyCorp1_v2.xls","(EFR)EDD_1205A04_ArmyCorp1_v2.xls",13312,"(EFR)EDD_1205A04_ArmyCorp1_v2.xls",21,21,NA,NA
"~$2EFR20120720-CTDATA alg HAB.xlsx","~$2EFR20120720-CTDATA alg HAB.xlsx",171,"~$2EFR20120720-CTDATA alg HAB.xlsx",22,22,NA,NA
"~$HAB 2EFR 2013 07 02.xlsx","~$HAB 2EFR 2013 07 02.xlsx",171,"~$HAB 2EFR 2013 07 02.xlsx",23,23,NA,NA
"~$HAB 2EFR20130820.xlsx","~$HAB 2EFR20130820.xlsx",171,"~$HAB 2EFR20130820.xlsx",24,24,NA,NA
"Drew data/f/2003data.xls","2003data.xls",4058624,"2003data.xls",25,25,NA,NA
"Drew data/f/2004.xls","2004.xls",4376576,"2004.xls",26,26,NA,NA
"Drew data/g/Copy of 2007.xls","Copy of 2007.xls",1550336,"2007.xls",28,27,NA,NA
"Drew data/l/2007 (2).xls","2007 (2).xls",1542144,"2007.xls",27,28,NA,NA
"Drew data/k/2010 data to date.xlsx","2010 data to date.xlsx",662597,"2010 data to date.xlsx",29,29,NA,NA
"Drew data/f/20tab Phytoy92.xls","20tab Phytoy92.xls",81920,"20tab Phytoy92.xls",30,30,NA,NA
"jade0424a/2BHR20130812 Phytoplankton.xlsx","2BHR20130812 Phytoplankton.xlsx",96740,"2BHR20130812 Phytoplankton.xlsx",31,31,NA,NA
"jade0424a/2BRR20120911 Phytoplankton.xls","2BRR20120911 Phytoplankton.xls",434176,"2BRR20120911 Phytoplankton.xls",32,32,NA,NA
"jade0424a/2BRR20130806 Phytoplankton.xlsx","2BRR20130806 Phytoplankton.xlsx",231697,"2BRR20130806 Phytoplankton.xlsx",33,33,NA,NA
"jade0424a/2BVR20130818 Phytoplankton revised.xlsx","2BVR20130818 Phytoplankton revised.xlsx",121623,"2BVR20130818 Phytoplankton revised.xlsx",34,34,NA,NA
"jade0424a/2CBR20130828 Phytoplankton revised.xlsx","2CBR20130828 Phytoplankton revised.xlsx",99022,"2CBR20130828 Phytoplankton revised.xlsx",35,35,NA,NA
"jade0424a/2CCK20100423 Phytoplankton.xlsx","2CCK20100423 Phytoplankton.xlsx",151635,"2CCK20100423 Phytoplankton.xlsx",36,36,NA,NA
"jade0424a/2CCK20100629 Phytoplankton.xlsx","2CCK20100629 Phytoplankton.xlsx",204261,"2CCK20100629 Phytoplankton.xlsx",37,37,NA,NA
"jade0424a/2CCK20130925 Phytoplankton revised.xlsx","2CCK20130925 Phytoplankton revised.xlsx",229106,"2CCK20130925 Phytoplankton revised.xlsx",38,38,NA,NA
"jade0424a/2CFK20130814 Phytoplankton revised.xlsx","2CFK20130814 Phytoplankton revised.xlsx",107976,"2CFK20130814 Phytoplankton revised.xlsx",39,39,NA,NA
"jade0424a/2CHL20130926 Phytoplankton.xlsx","2CHL20130926 Phytoplankton.xlsx",129090,"2CHL20130926 Phytoplankton.xlsx",40,40,NA,NA
"jade0424a/2CMR20131008 Phytoplankton.xlsx","2CMR20131008 Phytoplankton.xlsx",90984,"2CMR20131008 Phytoplankton.xlsx",41,41,NA,NA
"jade0424a/2EFR20100512 Phytoplanton.xlsx","2EFR20100512 Phytoplanton.xlsx",81013,"2EFR20100512 Phytoplanton.xlsx",42,42,NA,NA
"jade0424a/2EFR20100513 Phytoplanton.xlsx","2EFR20100513 Phytoplanton.xlsx",137848,"2EFR20100513 Phytoplanton.xlsx",43,43,NA,NA
"jade0424a/2EFR20100708 Phytoplankton.xlsx","2EFR20100708 Phytoplankton.xlsx",149360,"2EFR20100708 Phytoplankton.xlsx",44,44,NA,NA
"jade0424a/2EFR20100713 Phytoplanton.xlsx","2EFR20100713 Phytoplanton.xlsx",139439,"2EFR20100713 Phytoplanton.xlsx",45,45,NA,NA
"jade0424a/2EFR20100811 Phytoplanton.xlsx","2EFR20100811 Phytoplanton.xlsx",168508,"2EFR20100811 Phytoplanton.xlsx",46,46,NA,NA
"jade0424a/2EFR20101130 Phytoplanton.xlsx","2EFR20101130 Phytoplanton.xlsx",109885,"2EFR20101130 Phytoplanton.xlsx",47,47,NA,NA
"jade0424a/2EFR20110525 Phytoplankton.xls","2EFR20110525 Phytoplankton.xls",117760,"2EFR20110525 Phytoplankton.xls",48,48,NA,NA
"jade0424a/2EFR20110525 Phytoplankton.xlsx","2EFR20110525 Phytoplankton.xlsx",39383,"2EFR20110525 Phytoplankton.xlsx",49,49,NA,NA
"2EFR20120720-CTDATA alg HAB IMPORT QUESTION.xlsx","2EFR20120720-CTDATA alg HAB IMPORT QUESTION.xlsx",49199,"2EFR20120720-CTDATA alg HAB IMPORT QUESTION.xlsx",50,50,NA,NA
"2EFR20120720-CTDATA alg HAB.xlsx","2EFR20120720-CTDATA alg HAB.xlsx",100157,"2EFR20120720-CTDATA alg HAB.xlsx",51,51,NA,NA
"2EFR20120828-CTDATA - alg HAB.xlsx","2EFR20120828-CTDATA - alg HAB.xlsx",221133,"2EFR20120828-CTDATA - alg HAB.xlsx",52,52,NA,NA
"2EFR20120828-CTDATA A alg HAB.xlsx","2EFR20120828-CTDATA A alg HAB.xlsx",134562,"2EFR20120828-CTDATA A alg HAB.xlsx",53,53,NA,NA
"2EFR20120828-CTDATA alg HAB IMPORT QUESTION.xlsx","2EFR20120828-CTDATA alg HAB IMPORT QUESTION.xlsx",221187,"2EFR20120828-CTDATA alg HAB IMPORT QUESTION.xlsx",54,54,NA,NA
"2EFR20120920-CTDATA alg HAB.xlsx","2EFR20120920-CTDATA alg HAB.xlsx",117642,"2EFR20120920-CTDATA alg HAB.xlsx",55,55,NA,NA
"jade0424a/2EFR20120924 Phytoplankton.xls","2EFR20120924 Phytoplankton.xls",91136,"2EFR20120924 Phytoplankton.xls",56,56,NA,NA
"2EFR20120924-CTDATA alg HAB.xlsx","2EFR20120924-CTDATA alg HAB.xlsx",102177,"2EFR20120924-CTDATA alg HAB.xlsx",57,57,NA,NA
"jade0424a/2EFR20130723 Phytoplanton.xlsx","2EFR20130723 Phytoplanton.xlsx",21069,"2EFR20130723 Phytoplanton.xlsx",58,58,NA,NA
"jade0424a/2EFR20130724 Phytoplanton.xlsx","2EFR20130724 Phytoplanton.xlsx",56766,"2EFR20130724 Phytoplanton.xlsx",59,59,NA,NA
"jade0424a/2EFR20130729 Phytoplanton.xlsx","2EFR20130729 Phytoplanton.xlsx",66330,"2EFR20130729 Phytoplanton.xlsx",60,60,NA,NA
"jade0424a/2EFR20131029 Phytoplanton.xlsx","2EFR20131029 Phytoplanton.xlsx",133848,"2EFR20131029 Phytoplanton.xlsx",61,61,NA,NA
"jade0424a/2GRR20120912 No Biovolume Phytoplankton.xlsx","2GRR20120912 No Biovolume Phytoplankton.xlsx",228007,"2GRR20120912 No Biovolume Phytoplankton.xlsx",62,62,NA,NA
"jade0424a/2GRR20130805 Phytoplankton.xlsx","2GRR20130805 Phytoplankton.xlsx",64996,"2GRR20130805 Phytoplankton.xlsx",63,63,NA,NA
"jade0424a/2MSR20100929 Phytoplankton.xlsx","2MSR20100929 Phytoplankton.xlsx",144936,"2MSR20100929 Phytoplankton.xlsx",64,64,NA,NA
"jade0424a/2NRR20100921 Phytoplankton.xlsx","2NRR20100921 Phytoplankton.xlsx",134734,"2NRR20100921 Phytoplankton.xlsx",65,65,NA,NA
"jade0424a/2NRR20110616 Phytoplankton.xlsx","2NRR20110616 Phytoplankton.xlsx",59204,"2NRR20110616 Phytoplankton.xlsx",66,66,NA,NA
"jade0424a/2NRR20120906 Phytoplankton.xls","2NRR20120906 Phytoplankton.xls",94720,"2NRR20120906 Phytoplankton.xls",67,67,NA,NA
"jade0424a/2NRR20130808 Phytoplankton.xlsx","2NRR20130808 Phytoplankton.xlsx",40126,"2NRR20130808 Phytoplankton.xlsx",68,68,NA,NA
"jade0424a/2RRR20120905 Phytoplankton.xls","2RRR20120905 Phytoplankton.xls",97280,"2RRR20120905 Phytoplankton.xls",69,69,NA,NA
"jade0424a/2SRR20100609 Phytoplankton.xlsx","2SRR20100609 Phytoplankton.xlsx",94436,"2SRR20100609 Phytoplankton.xlsx",70,70,NA,NA
"jade0424a/2SRR20100610 Phytoplankton.xlsx","2SRR20100610 Phytoplankton.xlsx",96472,"2SRR20100610 Phytoplankton.xlsx",71,71,NA,NA
"jade0424a/2SRR20120919 Phytoplankton.xls","2SRR20120919 Phytoplankton.xls",93696,"2SRR20120919 Phytoplankton.xls",72,72,NA,NA
"jade0424a/2SRR20130729 Phytoplankton.xlsx","2SRR20130729 Phytoplankton.xlsx",231448,"2SRR20130729 Phytoplankton.xlsx",73,73,NA,NA
"jade0424a/2SRR20130730 Phytoplankton.xlsx","2SRR20130730 Phytoplankton.xlsx",137220,"2SRR20130730 Phytoplankton.xlsx",74,74,NA,NA
"Drew data/f/31tab Fall HAB Data EFR20121031,SRR20121107,TAR20121106 alg.xls","31tab Fall HAB Data EFR20121031,SRR20121107,TAR20121106 alg.xls",389120,"31tab Fall HAB Data EFR20121031,SRR20121107,TAR20121106 alg.xls",75,75,NA,NA
"Drew data/i/3tab Phytoplankton 2011 BRR EFR.xlsx","3tab Phytoplankton 2011 BRR EFR.xlsx",83305,"3tab Phytoplankton 2011 BRR EFR.xlsx",76,76,NA,NA
"Drew data/i/3tab Phytoplankton 2012 EFR.xlsx","3tab Phytoplankton 2012 EFR.xlsx",88257,"3tab Phytoplankton 2012 EFR.xlsx",77,77,NA,NA
"Drew data/i/3tab Phytoplankton 2012 SRR BHR CFK EFR.xlsx","3tab Phytoplankton 2012 SRR BHR CFK EFR.xlsx",98263,"3tab Phytoplankton 2012 SRR BHR CFK EFR.xlsx",78,78,NA,NA
"Drew data/f/6tab EFR HAB 92219A.xls","6tab EFR HAB 92219A.xls",58880,"6tab EFR HAB 92219A.xls",79,79,NA,NA
"jade/81068-10REVA.xls","81068-10REVA.xls",211456,"81068-10REVA.xls",80,80,NA,NA
"jade/81068-11REVA.xls","81068-11REVA.xls",236544,"81068-11REVA.xls",81,81,NA,NA
"jade/81068-12REVA.xls","81068-12REVA.xls",182272,"81068-12REVA.xls",82,82,NA,NA
"jade/81068-13REVA.xls","81068-13REVA.xls",208896,"81068-13REVA.xls",83,83,NA,NA
"jade/81068-14REVA.xls","81068-14REVA.xls",256512,"81068-14REVA.xls",84,84,NA,NA
"jade/81068-15.xls","81068-15.xls",225280,"81068-15.xls",85,85,NA,NA
"jade/81068-1REVB.xls","81068-1REVB.xls",231936,"81068-1REVB.xls",86,86,NA,NA
"jade/81068-2REVA.xls","81068-2REVA.xls",217600,"81068-2REVA.xls",87,87,NA,NA
"jade/81068-3REVA.XLS","81068-3REVA.XLS",273408,"81068-3REVA.XLS",88,88,NA,NA
"jade/81068-4REVA.xls","81068-4REVA.xls",203776,"81068-4REVA.xls",89,89,NA,NA
"jade/81068-5REVA.xls","81068-5REVA.xls",183808,"81068-5REVA.xls",90,90,NA,NA
"jade/81068-6REVA.xls","81068-6REVA.xls",202240,"81068-6REVA.xls",91,91,NA,NA
"jade/81068-7REVA.xls","81068-7REVA.xls",212480,"81068-7REVA.xls",92,92,NA,NA
"jade/81068-8REVA.xls","81068-8REVA.xls",215040,"81068-8REVA.xls",93,93,NA,NA
"jade/81068-9REVA.xls","81068-9REVA.xls",168448,"81068-9REVA.xls",94,94,NA,NA
"Drew data/f/92219A.XLS","92219A.XLS",58880,"92219A.XLS",95,95,NA,NA
"Drew data/f/92462.xls","92462.xls",43008,"92462.xls",96,96,NA,NA
"Drew data/f/92473.xls","92473.xls",16896,"92473.xls",97,97,NA,NA
"Drew data/f/92492.xls","92492.xls",15360,"92492.xls",98,98,NA,NA
"Drew data/f/92501.xls","92501.xls",34304,"92501.xls",99,99,NA,NA
"Drew data/f/92696.xls","92696.xls",32256,"92696.xls",100,100,NA,NA
"Drew data/f/92697.xls","92697.xls",65536,"92697.xls",101,101,NA,NA
"Drew data/f/92751.xls","92751.xls",15360,"92751.xls",102,102,NA,NA
"Drew data/f/92754.xls","92754.xls",144384,"92754.xls",103,103,NA,NA
"Drew data/f/92755.xls","92755.xls",46080,"92755.xls",104,104,NA,NA
"Drew data/f/92757.xls","92757.xls",21504,"92757.xls",105,105,NA,NA
"Drew data/f/92782.xls","92782.xls",21504,"92782.xls",106,106,NA,NA
"Drew data/f/92783.xls","92783.xls",96768,"92783.xls",107,107,NA,NA
"Drew data/f/92815.xls","92815.xls",234496,"92815.xls",108,108,NA,NA
"Drew data/f/92817.xls","92817.xls",56832,"92817.xls",109,109,NA,NA
"Drew data/f/92869.xls","92869.xls",157696,"92869.xls",110,110,NA,NA
"Drew data/f/92869A.XLS","92869A.XLS",97280,"92869A.XLS",111,111,NA,NA
"Drew data/f/92873.xls","92873.xls",21504,"92873.xls",112,112,NA,NA
"Drew data/k/92RAWDAT.xls","92RAWDAT.xls",881152,"92RAWDAT.xls",113,113,NA,NA
"Files with complications/92Rawdat.xlsx","92Rawdat.xlsx",784996,"92Rawdat.xlsx",114,114,NA,NA
"Files with complications/Algae 95.xlsx","Algae 95.xlsx",1070736,"Algae 95.xlsx",115,115,NA,NA
"All Lakes Phyto Data pre-1993.xlsx","All Lakes Phyto Data pre-1993.xlsx",167185,"All Lakes Phyto Data pre-1993.xlsx",116,116,NA,NA
"CTL.2009.data/BHR BRR  jun-jul09 84035 840318-840336.xls","BHR BRR  jun-jul09 84035 840318-840336.xls",302080,"BHR BRR  jun-jul09 84035 840318-840336.xls",117,117,NA,NA
"CTL.2009.data/BHR BRR jun-jul09 840337-840356.xls","BHR BRR jun-jul09 840337-840356.xls",287232,"BHR BRR jun-jul09 840337-840356.xls",118,118,NA,NA
"CTL.2009.data/BRR BVR CBR jun-sep09 840357-840376.xls","BRR BVR CBR jun-sep09 840357-840376.xls",343552,"BRR BVR CBR jun-sep09 840357-840376.xls",119,119,NA,NA
"CTL.2011.data/BRR EFR aug11 112541-112562 dasler.xls","BRR EFR aug11 112541-112562 dasler.xls",185856,"BRR EFR aug11 112541-112562 dasler.xls",120,120,NA,NA
"CTL.2009.data/BVR CRR jul-aug09 840657-840676.xls","BVR CRR jul-aug09 840657-840676.xls",322560,"BVR CRR jul-aug09 840657-840676.xls",121,121,NA,NA
"CTL.2009.data/CBR CCK CFK jun-sep09 840377-840396.xls","CBR CCK CFK jun-sep09 840377-840396.xls",274432,"CBR CCK CFK jun-sep09 840377-840396.xls",122,122,NA,NA
"CTL.2010.data/CCK apr-may10 118526-118766 dasler.xlsx","CCK apr-may10 118526-118766 dasler.xlsx",150236,"CCK apr-may10 118526-118766 dasler.xlsx",123,123,NA,NA
"CTL.2010.data/CCK jun10 118494-118525 dasler.xlsx","CCK jun10 118494-118525 dasler.xlsx",202484,"CCK jun10 118494-118525 dasler.xlsx",124,124,NA,NA
"Drew data/g/CELRL CT Water Quality Chemical Data 2012.xls","CELRL CT Water Quality Chemical Data 2012.xls",310272,"CELRL CT Water Quality Chemical Data 2012.xls",125,125,NA,NA
"Drew data/g/CELRL HAB EFR 20120920.xls","CELRL HAB EFR 20120920.xls",185344,"CELRL HAB EFR 20120920.xls",126,126,NA,NA
"Drew data/g/CELRL RTI WQ Chemical Data 2012.xls","CELRL RTI WQ Chemical Data 2012.xls",560640,"CELRL RTI WQ Chemical Data 2012.xls",127,127,NA,NA
"CTL.2009.data/CFK CHL jun-jul09 840417-840436.xls","CFK CHL jun-jul09 840417-840436.xls",275968,"CFK CHL jun-jul09 840417-840436.xls",128,128,NA,NA
"CTL.2009.data/CFK jun-jul09 840397-840416.xls","CFK jun-jul09 840397-840416.xls",258048,"CFK jun-jul09 840397-840416.xls",129,129,NA,NA
"Drew data/g/CFK&EFR(87918).xls","CFK&EFR(87918).xls",35840,"CFK&EFR(87918).xls",130,130,NA,NA
"Drew data/g/CFK&EFR(87919).xls","CFK&EFR(87919).xls",35840,"CFK&EFR(87919).xls",131,131,NA,NA
"CTL.2009.data/CHL CMR CRR jun-oct09 840437-840456.xls","CHL CMR CRR jun-oct09 840437-840456.xls",283648,"CHL CMR CRR jun-oct09 840437-840456.xls",132,132,NA,NA
"CTL.2009.data/CHL PRR jun-oct09 840697-840716.xls","CHL PRR jun-oct09 840697-840716.xls",297472,"CHL PRR jun-oct09 840697-840716.xls",133,133,NA,NA
"CTL.2009.data/CRR CHL aug-oct09 840677-840696.xls","CRR CHL aug-oct09 840677-840696.xls",297472,"CRR CHL aug-oct09 840677-840696.xls",134,134,NA,NA
"CTL.2009.data/CRR EFR GRR HTR jun-jul09 840457-840476.xls","CRR EFR GRR HTR jun-jul09 840457-840476.xls",260096,"CRR EFR GRR HTR jun-jul09 840457-840476.xls",135,135,NA,NA
"Drew data/l/Copy of data07.xls","Copy of data07.xls",1708544,"data07.xls",136,136,NA,NA
"Drew data/g/EDD_1208475_East_Kent_WS_v1.xls","EDD_1208475_East_Kent_WS_v1.xls",24064,"EDD_1208475_East_Kent_WS_v1.xls",137,137,NA,NA
"Drew data/g/EDD_1208476_East_Kent_WS_v1.xls","EDD_1208476_East_Kent_WS_v1.xls",24064,"EDD_1208476_East_Kent_WS_v1.xls",138,138,NA,NA
"Drew data/k/EFR - Phytoplankton Results (2).xls","EFR - Phytoplankton Results (2).xls",82432,"EFR - Phytoplankton Results.xls",139,139,NA,NA
"Drew data/b/EFR 1988 Phyto (2).xlsx","EFR 1988 Phyto (2).xlsx",23869,"EFR 1988 Phyto.xlsx",141,140,NA,NA
"EFR 1988 Phyto.xlsx","EFR 1988 Phyto.xlsx",23778,"EFR 1988 Phyto.xlsx",140,141,NA,NA
"Drew data/b/EFR 1993 Phyto (2).xlsx","EFR 1993 Phyto (2).xlsx",49414,"EFR 1993 Phyto.xlsx",142,142,NA,NA
"EFR 1993 Phyto.xlsx","EFR 1993 Phyto.xlsx",49624,"EFR 1993 Phyto.xlsx",143,143,NA,NA
"Drew data/b/EFR 1994 Phyto (2).xlsx","EFR 1994 Phyto (2).xlsx",51601,"EFR 1994 Phyto.xlsx",144,144,NA,NA
"Drew data/b/EFR 1998 Phyto (2).xlsx","EFR 1998 Phyto (2).xlsx",412333,"EFR 1998 Phyto.xlsx",146,145,NA,NA
"EFR 1998 Phyto.xlsx","EFR 1998 Phyto.xlsx",410053,"EFR 1998 Phyto.xlsx",145,146,NA,NA
"Drew data/b/EFR 1999 Phyto (2).xlsx","EFR 1999 Phyto (2).xlsx",507740,"EFR 1999 Phyto.xlsx",147,147,NA,NA
"EFR 1999_2008 Phyto.xlsx","EFR 1999_2008 Phyto.xlsx",2295993,"EFR 1999_2008 Phyto.xlsx",148,148,NA,NA
"Drew data/b/EFR 2000 Phyto (2).xlsx","EFR 2000 Phyto (2).xlsx",400791,"EFR 2000 Phyto.xlsx",149,149,NA,NA
"Drew data/b/EFR 2001 Phyto (2).xlsx","EFR 2001 Phyto (2).xlsx",269348,"EFR 2001 Phyto.xlsx",150,150,NA,NA
"Drew data/b/EFR 2002 Phyto (2).xlsx","EFR 2002 Phyto (2).xlsx",185943,"EFR 2002 Phyto.xlsx",151,151,NA,NA
"Drew data/i/EFR 2003 Phyto importing attempt.xlsx","EFR 2003 Phyto importing attempt.xlsx",234562,"EFR 2003 Phyto importing attempt.xlsx",152,152,NA,NA
"Drew data/r/EFR 2003 Phyto importing attempt (2).xlsx","EFR 2003 Phyto importing attempt (2).xlsx",97793,"EFR 2003 Phyto importing attempt.xlsx",154,153,NA,NA
"Drew data/r/EFR 2003 Phyto importing attempt.xlsx","EFR 2003 Phyto importing attempt.xlsx",242452,"EFR 2003 Phyto importing attempt.xlsx",153,154,NA,NA
"Drew data/b/EFR 2003 Phyto (2).xlsx","EFR 2003 Phyto (2).xlsx",205655,"EFR 2003 Phyto.xlsx",155,155,NA,NA
"Drew data/b/EFR 2004 Phyto (2).xlsx","EFR 2004 Phyto (2).xlsx",994536,"EFR 2004 Phyto.xlsx",156,156,NA,NA
"Drew data/d/EFR 2005 Phyto (2).xlsx","EFR 2005 Phyto (2).xlsx",1293671,"EFR 2005 Phyto.xlsx",157,157,NA,NA
"Drew data/d/EFR 2006 Phyto (2).xlsx","EFR 2006 Phyto (2).xlsx",107428,"EFR 2006 Phyto.xlsx",158,158,NA,NA
"Drew data/d/EFR 2007 Phyto (2).xlsx","EFR 2007 Phyto (2).xlsx",119187,"EFR 2007 Phyto.xlsx",159,159,NA,NA
"Drew data/d/EFR 2008 Phyto (2).xlsx","EFR 2008 Phyto (2).xlsx",100069,"EFR 2008 Phyto.xlsx",160,160,NA,NA
"CTL.2010.data/EFR aug10 117382-117408 dasler.xlsx","EFR aug10 117382-117408 dasler.xlsx",313424,"EFR aug10 117382-117408 dasler.xlsx",161,161,NA,NA
"CTL.2010.data/EFR aug10 118885-118912 dasler.xlsx","EFR aug10 118885-118912 dasler.xlsx",169391,"EFR aug10 118885-118912 dasler.xlsx",162,162,NA,NA
"CTL.2011.data/EFR aug11 112563-112583.xls","EFR aug11 112563-112583.xls",223232,"EFR aug11 112563-112583.xls",163,163,NA,NA
"Drew data/j/EFR DASLER Data Dump Chemical.xlsx","EFR DASLER Data Dump Chemical.xlsx",565148,"EFR DASLER Data Dump Chemical.xlsx",164,164,NA,NA
"Drew data/j/EFR Data Phytoplankton zlw.xlsx","EFR Data Phytoplankton zlw.xlsx",224177,"EFR Data Phytoplankton zlw.xlsx",165,165,NA,NA
"Drew data/k/EFR Field Data2010 2011.xlsx","EFR Field Data2010 2011.xlsx",59820,"EFR Field Data2010 2011.xlsx",166,166,NA,NA
"Drew data/d/EFR HAB 7-20-2012 (2).xls","EFR HAB 7-20-2012 (2).xls",90624,"EFR HAB 7-20-2012.xls",168,167,NA,NA
"EFR HAB 7-20-2012.xls","EFR HAB 7-20-2012.xls",90112,"EFR HAB 7-20-2012.xls",167,168,NA,NA
"Drew data/d/EFR HAB 9-20-2012 (2).xls","EFR HAB 9-20-2012 (2).xls",188416,"EFR HAB 9-20-2012.xls",169,169,NA,NA
"Drew data/g/EFR HAB 92219A.xls","EFR HAB 92219A.xls",58880,"EFR HAB 92219A.xls",170,170,NA,NA
"CTL.2010.data/EFR jul-sep10 118940-118960 dasler.xlsx","EFR jul-sep10 118940-118960 dasler.xlsx",147972,"EFR jul-sep10 118940-118960 dasler.xlsx",171,171,NA,NA
"CTL.2011.data/EFR jun-aug11 112584-112609 dasler.xls","EFR jun-aug11 112584-112609 dasler.xls",269312,"EFR jun-aug11 112584-112609 dasler.xls",172,172,NA,NA
"CTL.2011.data/EFR jun-jul11 112680-112701 dasler.xls","EFR jun-jul11 112680-112701 dasler.xls",205824,"EFR jun-jul11 112680-112701 dasler.xls",173,173,NA,NA
"CTL.2011.data/EFR may-jul11 112798-112817 dasler.xls","EFR may-jul11 112798-112817 dasler.xls",151552,"EFR may-jul11 112798-112817 dasler.xls",174,174,NA,NA
"CTL.2010.data/EFR MAY-JUN10 118767-118856 dasler.xlsx","EFR MAY-JUN10 118767-118856 dasler.xlsx",81740,"EFR MAY-JUN10 118767-118856 dasler.xlsx",175,175,NA,NA
"CTL.2010.data/EFR may-jun10 118785-188824 dasler.xlsx","EFR may-jun10 118785-188824 dasler.xlsx",136308,"EFR may-jun10 118785-188824 dasler.xlsx",176,176,NA,NA
"CTL.2011.data/EFR may11 112823-112843 dasler.xls","EFR may11 112823-112843 dasler.xls",123904,"EFR may11 112823-112843 dasler.xls",177,177,NA,NA
"CTL.2010.data/EFR nov10 118913-118939 dasler.xlsx","EFR nov10 118913-118939 dasler.xlsx",110746,"EFR nov10 118913-118939 dasler.xlsx",178,178,NA,NA
"CTL.2011.data/EFR NRR may-jun11 112854-112881 dasler.xls","EFR NRR may-jun11 112854-112881 dasler.xls",164864,"EFR NRR may-jun11 112854-112881 dasler.xls",179,179,NA,NA
"Drew data/d/EFR phyto 8-23-2011 (2).xls","EFR phyto 8-23-2011 (2).xls",218112,"EFR phyto 8-23-2011.xls",180,180,NA,NA
"EFR phyto 8-23-2011.xls","EFR phyto 8-23-2011.xls",416256,"EFR phyto 8-23-2011.xls",181,181,NA,NA
"Drew data/k/EFR_CCK May 2010.xlsx","EFR_CCK May 2010.xlsx",16653,"EFR_CCK May 2010.xlsx",182,182,NA,NA
"Drew data/j/EFR_NOT_IMPORTED_CHEMICAL_2003-2012_2011_2.xlsx","EFR_NOT_IMPORTED_CHEMICAL_2003-2012_2011_2.xlsx",376296,"EFR_NOT_IMPORTED_CHEMICAL_2003-2012_2011_2.xlsx",183,183,NA,NA
"Drew data/k/EFR-2001-Run1.xls","EFR-2001-Run1.xls",42496,"EFR-2001-Run1.xls",184,184,NA,NA
"Drew data/k/EFR-2001-Run1MOD.xls","EFR-2001-Run1MOD.xls",45568,"EFR-2001-Run1MOD.xls",185,185,NA,NA
"Drew data/k/EFR-2001-Run2.xls","EFR-2001-Run2.xls",51712,"EFR-2001-Run2.xls",186,186,NA,NA
"Drew data/k/EFR-2001-Run3.xls","EFR-2001-Run3.xls",48128,"EFR-2001-Run3.xls",187,187,NA,NA
"Drew data/k/EFR-2001-Run3rev.xls","EFR-2001-Run3rev.xls",48128,"EFR-2001-Run3rev.xls",188,188,NA,NA
"Drew data/k/EFR-2001-Run4.xls","EFR-2001-Run4.xls",43008,"EFR-2001-Run4.xls",189,189,NA,NA
"Drew data/k/EFR-2002-Run1.xls","EFR-2002-Run1.xls",40960,"EFR-2002-Run1.xls",190,190,NA,NA
"Drew data/k/EFR-2002-Run2.xls","EFR-2002-Run2.xls",51200,"EFR-2002-Run2.xls",191,191,NA,NA
"Drew data/k/EFR-2002-Run3.xls","EFR-2002-Run3.xls",41984,"EFR-2002-Run3.xls",192,192,NA,NA
"Drew data/k/EFR-2002-Run4.xls","EFR-2002-Run4.xls",38400,"EFR-2002-Run4.xls",193,193,NA,NA
"Drew data/k/EFR-2003-Run1.xls","EFR-2003-Run1.xls",47104,"EFR-2003-Run1.xls",194,194,NA,NA
"Drew data/k/EFR-2003-Run2.xls","EFR-2003-Run2.xls",41984,"EFR-2003-Run2.xls",195,195,NA,NA
"Drew data/k/EFR-2003-Run3.xls","EFR-2003-Run3.xls",43520,"EFR-2003-Run3.xls",196,196,NA,NA
"Drew data/k/EFR-2003-Run4.xls","EFR-2003-Run4.xls",21504,"EFR-2003-Run4.xls",197,197,NA,NA
"Drew data/g/EFR(85681).xls","EFR(85681).xls",20992,"EFR(85681).xls",198,198,NA,NA
"Drew data/g/EFR(85682).xls","EFR(85682).xls",20992,"EFR(85682).xls",199,199,NA,NA
"Drew data/g/EFR(85726).xls","EFR(85726).xls",39424,"EFR(85726).xls",200,200,NA,NA
"Drew data/g/EFR(85727).xls","EFR(85727).xls",39424,"EFR(85727).xls",201,201,NA,NA
"Drew data/g/EFR(85733).xls","EFR(85733).xls",14848,"EFR(85733).xls",202,202,NA,NA
"Drew data/g/EFR(85734).xls","EFR(85734).xls",14848,"EFR(85734).xls",203,203,NA,NA
"Drew data/g/EFR(85744).xls","EFR(85744).xls",39424,"EFR(85744).xls",204,204,NA,NA
"Drew data/g/EFR(85745).xls","EFR(85745).xls",39424,"EFR(85745).xls",205,205,NA,NA
"Drew data/g/EFR(85749).xls","EFR(85749).xls",14336,"EFR(85749).xls",206,206,NA,NA
"Drew data/g/EFR(85750).xls","EFR(85750).xls",14336,"EFR(85750).xls",207,207,NA,NA
"Drew data/g/EFR(86292edd) (2).xls","EFR(86292edd) (2).xls",22016,"EFR(86292edd).xls",208,208,NA,NA
"Drew data/g/EFR(86319edd) (2).xls","EFR(86319edd) (2).xls",39936,"EFR(86319edd).xls",209,209,NA,NA
"Drew data/g/EFR(86320).xls","EFR(86320).xls",14336,"EFR(86320).xls",210,210,NA,NA
"Drew data/g/EFR(86321).xls","EFR(86321).xls",14336,"EFR(86321).xls",211,211,NA,NA
"Drew data/g/EFR(86346).xls","EFR(86346).xls",39936,"EFR(86346).xls",212,212,NA,NA
"Drew data/g/EFR(86347).xls","EFR(86347).xls",14336,"EFR(86347).xls",213,213,NA,NA
"Drew data/g/EFR(86348).xls","EFR(86348).xls",39936,"EFR(86348).xls",214,214,NA,NA
"Drew data/g/EFR(86349).xls","EFR(86349).xls",14336,"EFR(86349).xls",215,215,NA,NA
"Drew data/g/EFR(86776).xls","EFR(86776).xls",39936,"EFR(86776).xls",216,216,NA,NA
"Drew data/g/EFR(86777).xls","EFR(86777).xls",14848,"EFR(86777).xls",217,217,NA,NA
"Drew data/g/EFR(86778).xls","EFR(86778).xls",39936,"EFR(86778).xls",218,218,NA,NA
"Drew data/g/EFR(86779).xls","EFR(86779).xls",14848,"EFR(86779).xls",219,219,NA,NA
"Drew data/g/EFR(86813).xls","EFR(86813).xls",39936,"EFR(86813).xls",220,220,NA,NA
"Drew data/g/EFR(86814).xls","EFR(86814).xls",14336,"EFR(86814).xls",221,221,NA,NA
"Drew data/g/EFR(86815).xls","EFR(86815).xls",39936,"EFR(86815).xls",222,222,NA,NA
"Drew data/g/EFR(86816).xls","EFR(86816).xls",14336,"EFR(86816).xls",223,223,NA,NA
"Drew data/g/EFR(86844).xls","EFR(86844).xls",22016,"EFR(86844).xls",224,224,NA,NA
"Drew data/g/EFR(86845).xls","EFR(86845).xls",22016,"EFR(86845).xls",225,225,NA,NA
"Drew data/g/EFR(87329).xls","EFR(87329).xls",41984,"EFR(87329).xls",226,226,NA,NA
"Drew data/g/EFR(87330).xls","EFR(87330).xls",14848,"EFR(87330).xls",227,227,NA,NA
"Drew data/g/EFR(87331).xls","EFR(87331).xls",41984,"EFR(87331).xls",228,228,NA,NA
"Drew data/g/EFR(87332).xls","EFR(87332).xls",14848,"EFR(87332).xls",229,229,NA,NA
"Drew data/g/EFR(87346).xls","EFR(87346).xls",47104,"EFR(87346).xls",230,230,NA,NA
"Drew data/g/EFR(87347).xls","EFR(87347).xls",14336,"EFR(87347).xls",231,231,NA,NA
"Drew data/g/EFR(87348).xls","EFR(87348).xls",47104,"EFR(87348).xls",232,232,NA,NA
"Drew data/g/EFR(87349).xls","EFR(87349).xls",14336,"EFR(87349).xls",233,233,NA,NA
"Drew data/g/efr1999JS.XLS","efr1999JS.XLS",202240,"efr1999JS.XLS",234,234,NA,NA
"Drew data/g/efr1999MJ.XLS","efr1999MJ.XLS",185344,"efr1999MJ.XLS",235,235,NA,NA
"Drew data/g/efr2000AJ.XLS","efr2000AJ.XLS",196608,"efr2000AJ.XLS",236,236,NA,NA
"Drew data/g/efr2000JJ.XLS","efr2000JJ.XLS",242176,"efr2000JJ.XLS",237,237,NA,NA
"Drew data/k/EFR2004RUN1.xls","EFR2004RUN1.xls",24576,"EFR2004RUN1.xls",238,238,NA,NA
"Drew data/k/EFR2004RUN2.xls","EFR2004RUN2.xls",27136,"EFR2004RUN2.xls",239,239,NA,NA
"Drew data/k/EFR2004RUN4.xls","EFR2004RUN4.xls",24576,"EFR2004RUN4.xls",240,240,NA,NA
"Drew data/q/EFR2011 CT Data organized.xlsx","EFR2011 CT Data organized.xlsx",452755,"EFR2011 CT Data organized.xlsx",241,241,NA,NA
"Drew data/q/EFR2011 Data Q&A.xlsx","EFR2011 Data Q&A.xlsx",184386,"EFR2011 Data Q&A.xlsx",242,242,NA,NA
"Drew data/q/EFR2011 Data.xlsx","EFR2011 Data.xlsx",163836,"EFR2011 Data.xlsx",243,243,NA,NA
"Drew data/q/EFR2011 Graphs.xlsx","EFR2011 Graphs.xlsx",370604,"EFR2011 Graphs.xlsx",244,244,NA,NA
"Drew data/q/EFR2011-2012 Graphs.xlsx","EFR2011-2012 Graphs.xlsx",339606,"EFR2011-2012 Graphs.xlsx",245,245,NA,NA
"Drew data/q/EFR2012 Data.xlsx","EFR2012 Data.xlsx",254255,"EFR2012 Data.xlsx",246,246,NA,NA
"Drew data/q/EFR2012 Graphs.xlsx","EFR2012 Graphs.xlsx",247531,"EFR2012 Graphs.xlsx",247,247,NA,NA
"Drew data/h/EFR21001880512000.xls","EFR21001880512000.xls",34816,"EFR21001880512000.xls",248,248,NA,NA
"Drew data/h/EFR21001880512005.xls","EFR21001880512005.xls",35328,"EFR21001880512005.xls",249,249,NA,NA
"Drew data/h/EFR21001880608005.xls","EFR21001880608005.xls",32768,"EFR21001880608005.xls",250,250,NA,NA
"Drew data/q/EFRHAB2012-06-11.xlsx","EFRHAB2012-06-11.xlsx",23061,"EFRHAB2012-06-11.xlsx",251,251,NA,NA
"Drew data/h/Efrmja.xls","Efrmja.xls",291840,"Efrmja.xls",253,252,NA,NA
"Drew data/k/Efrmja.xls","Efrmja.xls",201728,"Efrmja.xls",252,253,NA,NA
"Drew data/k/efrsep2010field.xlsx","efrsep2010field.xlsx",22532,"efrsep2010field.xlsx",254,254,NA,NA
"Drew data/h/Fall HAB Data EFR20121031,SRR20121107,TAR20121106 alg.xls","Fall HAB Data EFR20121031,SRR20121107,TAR20121106 alg.xls",389120,"Fall HAB Data EFR20121031,SRR20121107,TAR20121106 alg.xls",255,255,NA,NA
"Drew data/j/FY13 Lab Analysis Details.xlsx","FY13 Lab Analysis Details.xlsx",250354,"FY13 Lab Analysis Details.xlsx",256,256,NA,NA
"Drew data/j/FY13 Lab Analysis Estimate.xlsx","FY13 Lab Analysis Estimate.xlsx",252988,"FY13 Lab Analysis Estimate.xlsx",257,257,NA,NA
"CTL.2011.data/GRR BRR jul-aug11 112514-112539.xls","GRR BRR jul-aug11 112514-112539.xls",214528,"GRR BRR jul-aug11 112514-112539.xls",258,258,NA,NA
"Drew data/EFR Phytoplankton Data/HAB 2EFR 2013 05 22 (2).xlsx","HAB 2EFR 2013 05 22 (2).xlsx",24460,"HAB 2EFR 2013 05 22.xlsx",259,259,NA,NA
"HAB 2EFR 2013 05 22.xlsx","HAB 2EFR 2013 05 22.xlsx",24485,"HAB 2EFR 2013 05 22.xlsx",260,260,NA,NA
"Drew data/EFR Phytoplankton Data/HAB 2EFR 2013 06 05 (2).xlsx","HAB 2EFR 2013 06 05 (2).xlsx",24315,"HAB 2EFR 2013 06 05.xlsx",261,261,NA,NA
"HAB 2EFR 2013 06 05.xlsx","HAB 2EFR 2013 06 05.xlsx",24343,"HAB 2EFR 2013 06 05.xlsx",262,262,NA,NA
"Drew data/EFR Phytoplankton Data/HAB 2EFR 2013 06 20 (2).xlsx","HAB 2EFR 2013 06 20 (2).xlsx",25339,"HAB 2EFR 2013 06 20.xlsx",263,263,NA,NA
"HAB 2EFR 2013 06 20.xlsx","HAB 2EFR 2013 06 20.xlsx",25475,"HAB 2EFR 2013 06 20.xlsx",264,264,NA,NA
"Drew data/EFR Phytoplankton Data/HAB 2EFR 2013 07 02 (2).xlsx","HAB 2EFR 2013 07 02 (2).xlsx",24607,"HAB 2EFR 2013 07 02.xlsx",265,265,NA,NA
"HAB 2EFR 2013 07 02.xlsx","HAB 2EFR 2013 07 02.xlsx",24645,"HAB 2EFR 2013 07 02.xlsx",266,266,NA,NA
"HAB 2EFR20130717.xlsx","HAB 2EFR20130717.xlsx",31218,"HAB 2EFR20130717.xlsx",267,267,NA,NA
"HAB 2EFR20130805.xlsx","HAB 2EFR20130805.xlsx",33189,"HAB 2EFR20130805.xlsx",268,268,NA,NA
"HAB 2EFR20130820.xlsx","HAB 2EFR20130820.xlsx",30375,"HAB 2EFR20130820.xlsx",269,269,NA,NA
"HAB 2EFR20130903.xlsx","HAB 2EFR20130903.xlsx",33283,"HAB 2EFR20130903.xlsx",270,270,NA,NA
"HAB 2EFR20131012.xlsx","HAB 2EFR20131012.xlsx",25295,"HAB 2EFR20131012.xlsx",271,271,NA,NA
"HAB 2EFR20131029.xlsx","HAB 2EFR20131029.xlsx",24029,"HAB 2EFR20131029.xlsx",272,272,NA,NA
"HAB 2EFR20131120.xlsx","HAB 2EFR20131120.xlsx",23617,"HAB 2EFR20131120.xlsx",273,273,NA,NA
"HAB 2EFR20131204.xlsx","HAB 2EFR20131204.xlsx",23626,"HAB 2EFR20131204.xlsx",274,274,NA,NA
"HAB 2EFR20140114.xlsx","HAB 2EFR20140114.xlsx",19336,"HAB 2EFR20140114.xlsx",275,275,NA,NA
"Drew data/u/Harsha Data Collection.xlsx","Harsha Data Collection.xlsx",9957910,"Harsha Data Collection.xlsx",276,276,NA,NA
"Drew data/EFR Phytoplankton Data/Harsha Phyto Data pre-1993.xlsx","Harsha Phyto Data pre-1993.xlsx",14784,"Harsha Phyto Data pre-1993.xlsx",277,277,NA,NA
"CTL.2009.data/HTR MNR MSR jun-aug09 840477-840496.xls","HTR MNR MSR jun-aug09 840477-840496.xls",241152,"HTR MNR MSR jun-aug09 840477-840496.xls",278,278,NA,NA
"Drew data/h/Jade Copy of 2001 Data.xls","Jade Copy of 2001 Data.xls",2058240,"Jade 2001 Data.xls",279,279,NA,NA
"Drew data/h/Jade Copy of 2002 Data.xls","Jade Copy of 2002 Data.xls",2227712,"Jade 2002 Data.xls",280,280,NA,NA
"CTL.2010.data/MSR jul-sep10 118415-118452 DASLER.xlsx","MSR jul-sep10 118415-118452 DASLER.xlsx",145987,"MSR jul-sep10 118415-118452 DASLER.xlsx",281,281,NA,NA
"CTL.2009.data/MSR jun-aug09 840457-840516.xls","MSR jun-aug09 840457-840516.xls",283136,"MSR jun-aug09 840457-840516.xls",282,282,NA,NA
"CTL.2009.data/NRR PRR RRR jun-oct09 840517-840536.xls","NRR PRR RRR jun-oct09 840517-840536.xls",307200,"NRR PRR RRR jun-oct09 840517-840536.xls",283,283,NA,NA
"CTL.2010.data/NRR sep10 117362-117381 dasler.xlsx","NRR sep10 117362-117381 dasler.xlsx",135575,"NRR sep10 117362-117381 dasler.xlsx",284,284,NA,NA
"Drew data/h/Phyto 2006.xls","Phyto 2006.xls",1707520,"Phyto 2006.xls",285,285,NA,NA
"Drew data/h/PHYTO-02.xls","PHYTO-02.xls",3801600,"PHYTO-02.xls",286,286,NA,NA
"Drew data/h/Phyto1998.xls","Phyto1998.xls",5385728,"Phyto1998.xls",287,287,NA,NA
"Drew data/h/PHYTO94.xls","PHYTO94.xls",4064768,"PHYTO94.xls",288,288,NA,NA
"Drew data/h/phytodata2005.xls","phytodata2005.xls",1716224,"phytodata2005.xls",289,289,NA,NA
"Drew data/l/Phytoplankton 2006.xls","Phytoplankton 2006.xls",2199040,"Phytoplankton 2006.xls",290,290,NA,NA
"Drew data/l/Phytoplankton 2007.xls","Phytoplankton 2007.xls",1180160,"Phytoplankton 2007.xls",291,291,NA,NA
"Drew data/EFR Phytoplankton Data/Phytoplankton 2011 BRR EFR (2).xlsx","Phytoplankton 2011 BRR EFR (2).xlsx",70980,"Phytoplankton 2011 BRR EFR.xlsx",292,292,NA,NA
"Drew data/j/Phytoplankton 2011 BRR EFR.xlsx","Phytoplankton 2011 BRR EFR.xlsx",82964,"Phytoplankton 2011 BRR EFR.xlsx",295,293,NA,NA
"Drew data/s/Phytoplankton 2011 BRR EFR (2).xlsx","Phytoplankton 2011 BRR EFR (2).xlsx",83305,"Phytoplankton 2011 BRR EFR.xlsx",296,294,NA,NA
"jade0424a/Phytoplankton 2011 BRR EFR.xlsx","Phytoplankton 2011 BRR EFR.xlsx",72470,"Phytoplankton 2011 BRR EFR.xlsx",294,295,NA,NA
"Phytoplankton 2011 BRR EFR.xlsx","Phytoplankton 2011 BRR EFR.xlsx",71918,"Phytoplankton 2011 BRR EFR.xlsx",293,296,NA,NA
"jade0424a/Phytoplankton 2011 EFR 01.xlsx","Phytoplankton 2011 EFR 01.xlsx",89796,"Phytoplankton 2011 EFR 01.xlsx",297,297,NA,NA
"jade0424a/Phytoplankton 2011 EFR 02.xlsx","Phytoplankton 2011 EFR 02.xlsx",64912,"Phytoplankton 2011 EFR 02.xlsx",298,298,NA,NA
"Drew data/EFR Phytoplankton Data/Phytoplankton 2011 EFR.xlsx","Phytoplankton 2011 EFR.xlsx",29069,"Phytoplankton 2011 EFR.xlsx",300,299,NA,NA
"Drew data/j/Phytoplankton 2011 EFR.xlsx","Phytoplankton 2011 EFR.xlsx",102743,"Phytoplankton 2011 EFR.xlsx",299,300,NA,NA
"Drew data/j/Phytoplankton 201108 EFR.xlsx","Phytoplankton 201108 EFR.xlsx",126058,"Phytoplankton 201108 EFR.xlsx",301,301,NA,NA
"jade0424a/Phytoplankton 2012 CCK SRR.xls","Phytoplankton 2012 CCK SRR.xls",127488,"Phytoplankton 2012 CCK SRR.xls",302,302,NA,NA
"Drew data/j/Phytoplankton 2012 EFR BRR GRR SRR.xlsx","Phytoplankton 2012 EFR BRR GRR SRR.xlsx",129308,"Phytoplankton 2012 EFR BRR GRR SRR.xlsx",303,303,NA,NA
"Drew data/EFR Phytoplankton Data/Phytoplankton 2012 EFR (2).xlsx","Phytoplankton 2012 EFR (2).xlsx",78819,"Phytoplankton 2012 EFR.xlsx",305,304,NA,NA
"Drew data/s/Phytoplankton 2012 EFR (2).xlsx","Phytoplankton 2012 EFR (2).xlsx",88257,"Phytoplankton 2012 EFR.xlsx",306,305,NA,NA
"Phytoplankton 2012 EFR.xlsx","Phytoplankton 2012 EFR.xlsx",78739,"Phytoplankton 2012 EFR.xlsx",304,306,NA,NA
"jade0424a/Phytoplankton 2012 MSR CCK.xlsx","Phytoplankton 2012 MSR CCK.xlsx",64720,"Phytoplankton 2012 MSR CCK.xlsx",307,307,NA,NA
"Drew data/EFR Phytoplankton Data/Phytoplankton 2012 SRR BHR CFK EFR (2).xlsx","Phytoplankton 2012 SRR BHR CFK EFR (2).xlsx",88803,"Phytoplankton 2012 SRR BHR CFK EFR.xlsx",308,308,NA,NA
"Drew data/j/Phytoplankton 2012 SRR BHR CFK EFR (3).xlsx","Phytoplankton 2012 SRR BHR CFK EFR (3).xlsx",98263,"Phytoplankton 2012 SRR BHR CFK EFR.xlsx",310,309,NA,NA
"Phytoplankton 2012 SRR BHR CFK EFR.xlsx","Phytoplankton 2012 SRR BHR CFK EFR.xlsx",88833,"Phytoplankton 2012 SRR BHR CFK EFR.xlsx",309,310,NA,NA
"jade0424a/Phytoplankton 2012 SRR PRR WFR.xlsx","Phytoplankton 2012 SRR PRR WFR.xlsx",139447,"Phytoplankton 2012 SRR PRR WFR.xlsx",311,311,NA,NA
"Drew data/j/Phytoplankton 201204 EFR.xlsx","Phytoplankton 201204 EFR.xlsx",88257,"Phytoplankton 201204 EFR.xlsx",312,312,NA,NA
"Drew data/j/Phytoplankton 201205 EFR.xlsx","Phytoplankton 201205 EFR.xlsx",73170,"Phytoplankton 201205 EFR.xlsx",313,313,NA,NA
"Drew data/k/Phytoy92.xls","Phytoy92.xls",81920,"Phytoy92.xls",314,314,NA,NA
"CTL.2009.data/PRR jun-oct09 840717-840731.xls","PRR jun-oct09 840717-840731.xls",282112,"PRR jun-oct09 840717-840731.xls",315,315,NA,NA
"CTL.2011.data/RRR jun-jul11 111479-111498.xls","RRR jun-jul11 111479-111498.xls",256000,"RRR jun-jul11 111479-111498.xls",316,316,NA,NA
"CTL.2011.data/RRR jun11 111708-111736.xls","RRR jun11 111708-111736.xls",297472,"RRR jun11 111708-111736.xls",317,317,NA,NA
"CTL.2009.data/RRR SRR jun-jul09 840537-840556.xls","RRR SRR jun-jul09 840537-840556.xls",254464,"RRR SRR jun-jul09 840537-840556.xls",318,318,NA,NA
"CTL.2009.data/SRR aug09 840577-840596.xls","SRR aug09 840577-840596.xls",297472,"SRR aug09 840577-840596.xls",319,319,NA,NA
"CTL.2009.data/SRR jun-aug09 840557-840576.xls","SRR jun-aug09 840557-840576.xls",250880,"SRR jun-aug09 840557-840576.xls",320,320,NA,NA
"CTL.2010.data/SRR jun10 118453-118476 dasler.xlsx","SRR jun10 118453-118476 dasler.xlsx",97106,"SRR jun10 118453-118476 dasler.xlsx",321,321,NA,NA
"CTL.2010.data/SRR jun10 118477-118493 dasler.xlsx","SRR jun10 118477-118493 dasler.xlsx",95216,"SRR jun10 118477-118493 dasler.xlsx",322,322,NA,NA
"Drew data/v/STORET download 7-10-2013.xlsx","STORET download 7-10-2013.xlsx",14951536,"STORET download 7-10-2013.xlsx",323,323,NA,NA
"CTL.2009.data/TAR BVR jun-sep09 840637-840656.xls","TAR BVR jun-sep09 840637-840656.xls",338944,"TAR BVR jun-sep09 840637-840656.xls",324,324,NA,NA
"CTL.2009.data/TAR jun0aug09 840617-840636.xls","TAR jun0aug09 840617-840636.xls",307200,"TAR jun0aug09 840617-840636.xls",325,325,NA,NA
"CTL.2009.data/TAR WFR jun-sep09 840597-840616.xls","TAR WFR jun-sep09 840597-840616.xls",244736,"TAR WFR jun-sep09 840597-840616.xls",326,326,NA,NA
"Drew data/j/WQ Sampling Status 2012.xlsx","WQ Sampling Status 2012.xlsx",89047,"WQ Sampling Status 2012.xlsx",327,327,NA,NA
